Zeit [s],Q_downhole [lpm]_s,Pint_downhole [MPa]_s
1750.009,0.002964948833333333,0.08657316666666666
1751.009,0.0029531354285714283,0.08659157142857143
1752.009,0.0029444435,0.086701875
1753.009,0.002935961111111111,0.08674477777777778
1754.009,0.0029290899,0.0868177
1755.009,0.002922331727272727,0.08680718181818182
1756.009,0.002909527636363636,0.08680718181818181
1757.009,0.0028945744545454542,0.08666681818181819
1758.009,0.0028810271818181816,0.08684236363636363
1759.009,0.002863110181818182,0.08684236363636365
1760.009,0.0028485869090909086,0.08677218181818182
1761.009,0.0028295382727272726,0.08698281818181819
1762.009,0.002811576090909091,0.08698281818181818
1763.009,0.002793685272727273,0.08691263636363637
1764.009,0.0027755445454545457,0.08677227272727273
1765.009,0.002759108181818182,0.08656172727272728
1766.009,0.002744908818181818,0.08638618181818182
1767.009,0.002734766181818182,0.08617554545454546
1768.009,0.0027353518181818183,0.08607018181818181
1769.009,0.0027470609090909093,0.08614036363636364
1770.009,0.002771170181818182,0.08775509090909091
1771.009,0.002799278,0.09123027272727273
1772.009,0.0028296515454545455,0.09600418181818182
1773.009,0.002857968,0.10151527272727273
1774.009,0.002913015454545455,0.10814972727272726
1775.009,0.0030899015454545456,0.11569681818181819
1776.009,0.0037371145454545454,0.12394590909090909
1777.009,0.005644683090909091,0.1331428181818182
1778.009,0.010355710545454545,0.148588
1779.009,0.02193536590909091,0.16863172727272727
1780.009,0.041436879545454545,0.1944322727272727
1781.009,0.08130894445454545,0.22841172727272727
1782.009,0.1252429439090909,0.2652344545454545
1783.009,0.17219022554545454,0.3065855454545454
1784.009,0.2205779560909091,0.35106072727272725
1785.009,0.26956924827272727,0.3998885454545454
1786.009,0.3187208734545455,0.45089272727272733
1787.009,0.3677157807272727,0.5031958181818182
1788.009,0.4158186318181819,0.5579911818181817
1789.009,0.46154428454545454,0.6086444545454545
1790.009,0.5006495637272728,0.6573669999999999
1791.009,0.5314189568181819,0.701771909090909
1792.009,0.5413120661818182,0.7395424545454545
1793.009,0.5466213982727273,0.7750313636363636
1794.009,0.5485141935454546,0.8060269999999999
1795.009,0.5493042048181819,0.8360047272727272
1796.009,0.549300923090909,0.861384
1797.009,0.5497562725454546,0.8844816363636364
1798.009,0.5495659401818181,0.9073686363636363
1799.009,0.549872388181818,0.9298344545454544
1800.009,0.5493019235454546,0.9507908181818181
1801.009,0.5487659090909092,0.9705887272727272
1802.009,0.5483819198181817,0.9901409999999999
1803.009,0.5485389365454545,1.0084646363636365
1804.009,0.5493034263636364,1.024962909090909
1805.009,0.5508913177272728,1.040408090909091
1806.009,0.5522171371818181,1.0554671818181818
1807.009,0.5540553418181818,1.070456090909091
1808.009,0.5546987163636363,1.086498
1809.009,0.5553701618181818,1.1011709090909092
1810.009,0.5546085681818181,1.1139131818181818
1811.009,0.5537839191818181,1.1278839999999999
1812.009,0.5524160987272727,1.1402752727272727
1813.009,0.551112425,1.1518942727272727
1814.009,0.5501850750909091,1.163056909090909
1815.009,0.5492630437272727,1.1751322727272726
1816.009,0.5484148804545455,1.1869619090909092
1817.009,0.5479061801818182,1.1987564545454545
1818.009,0.5467020184545455,1.2101297272727272
1819.009,0.5459214801818182,1.2197829999999998
1820.009,0.5453717967272728,1.2302084545454546
1821.009,0.5449861837272727,1.239616
1822.009,0.5453576787272727,1.2492692727272727
1823.009,0.5457395226363636,1.2592033636363635
1824.009,0.5467826969090909,1.2694533636363636
1825.009,0.5470909306363637,1.278194
1826.009,0.5478323387272727,1.2872153636363637
1827.009,0.5476411193636364,1.2967984545454545
1828.009,0.547416152909091,1.3043455454545454
1829.009,0.5474394028181817,1.3119277272727272
1830.009,0.547487436909091,1.3203875454545455
1831.009,0.5475170705454546,1.3291983636363638
1832.009,0.5475054297272727,1.337623
1833.009,0.5472363489090909,1.3456966363636362
1834.009,0.5473845549090909,1.3539458181818183
1835.009,0.5476776797272728,1.361106727272727
1836.009,0.5484886239090909,1.3691802727272728
1837.009,0.5491700494545454,1.3753232727272726
1838.009,0.5501577536363637,1.382800090909091
1839.009,0.5506337766363636,1.3902067272727274
1840.009,0.5507657629090909,1.3978240000000002
1841.009,0.5503922262727272,1.4045285454545455
1842.009,0.5494132243636364,1.4104609090909093
1843.009,0.5483774090909092,1.417972909090909
1844.009,0.5472556689090908,1.4237648181818183
1845.009,0.546360033,1.430013090909091
1846.009,0.5453688962727272,1.436787909090909
1847.009,0.5443738205454545,1.4435628181818183
1848.009,0.5427848563636364,1.4503025454545455
1849.009,0.541327365,1.4557084545454548
1850.009,0.5396604867272727,1.462062090909091
1851.009,0.5391884802727273,1.468450818181818
1852.009,0.5387212345454546,1.4748044545454546
1853.009,0.5393885750909091,1.4803858181818184
1854.009,0.5398080139090908,1.485616090909091
1855.009,0.5405638975454545,1.4911623636363636
1856.009,0.5408545530909091,1.4962522727272727
1857.009,0.5408614047272727,1.5017282727272727
1858.009,0.5409309083636363,1.5058703636363637
1859.009,0.5408964116363637,1.5116973636363638
1860.009,0.5412822376363636,1.5173488181818184
1861.009,0.5412480464545455,1.5222631818181818
1862.009,0.5402610586363635,1.526335090909091
1863.009,0.5391660673636364,1.531811090909091
1864.009,0.5370924844545454,1.537252
1865.009,0.5357612354545455,1.5419557272727273
1866.009,0.5337781432727273,1.5468350000000002
1867.009,0.5322080020000001,1.5521354545454544
1868.009,0.5309395153636364,1.5573307272727275
1869.009,0.5301412821818182,1.5631577272727275
1870.009,0.530362615,1.5674753636363634
1871.009,0.5305336355454545,1.5719334545454544
1872.009,0.5319006971818182,1.5767776363636363
1873.009,0.5334013912727273,1.5813059090909092
1874.009,0.5352023791818182,1.5849566363636363
1875.009,0.5370129742727273,1.588537090909091
1876.009,0.5382828053636364,1.5932058181818183
1877.009,0.5397728286363637,1.5981903636363635
1878.009,0.5411533665454545,1.6024378181818184
1879.009,0.5423759663636364,1.6064043636363636
1880.009,0.5428559925454546,1.6092126363636365
1881.009,0.5424547677272726,1.6136004545454548
1882.009,0.5415915470909091,1.6176372727272728
1883.009,0.5403621460000001,1.621744272727273
1884.009,0.5395810716363636,1.6259214545454546
1885.009,0.5394874361818182,1.6302741818181816
1886.009,0.5400201645454545,1.6345567272727273
1887.009,0.5410170690909092,1.638031909090909
1888.009,0.5419047670909091,1.6406646363636364
1889.009,0.5421249729090909,1.6439291818181816
1890.009,0.5418893125454546,1.6477905454545456
1891.009,0.541345468090909,1.6531612727272729
1892.009,0.5423304279090909,1.6566715454545453
1893.009,0.5461251921818181,1.6606030000000003
1894.009,0.5577049212727272,1.6633760909090909
1895.009,0.5841283185454546,1.6712390909090908
1896.009,0.6233063554545454,1.680751909090909
1897.009,0.6686384047272728,1.695495090909091
1898.009,0.719265915090909,1.7118529090909091
1899.009,0.7729298605454545,1.7308786363636364
1900.009,0.8283188475454545,1.749097
1901.009,0.8839008962727273,1.7685439090909088
1902.009,0.9391867315454546,1.7870780909090909
1903.009,0.9926315755454546,1.8088418181818182
1904.009,1.0434084757272726,1.8306406363636363
1905.009,1.0866214445454545,1.8539839999999999
1906.009,1.1146197918181817,1.8725884545454548
1907.009,1.1292174648181819,1.8910173636363636
1908.009,1.1375302788181818,1.9054796363636364
1909.009,1.1408158465454543,1.9172040000000001
1910.009,1.1417141837272726,1.9286825454545455
1911.009,1.141121348181818,1.9393186363636365
1912.009,1.1397938533636365,1.9504461818181822
1913.009,1.1387111438181818,1.9618897272727274
1914.009,1.1381224141818183,1.9727364545454547
1915.009,1.1373003741818182,1.9818280909090908
1916.009,1.1354576123636364,1.9914812727272726
1917.009,1.1330003447272727,2.0019068181818183
1918.009,1.1307084224545454,2.012507909090909
1919.009,1.1289047783636363,2.0195635454545453
1920.009,1.127269516272727,2.0277424545454545
1921.009,1.1256747208181819,2.035500181818182
1922.009,1.1246806748181817,2.043889727272727
1923.009,1.1248505062727272,2.051998454545455
1924.009,1.1258213795454546,2.0613709090909094
1925.009,1.1268292551818182,2.0683914545454547
1926.009,1.1277305783636364,2.076149181818182
1927.009,1.1290296886363635,2.083696272727273
1928.009,1.131094640909091,2.0921559999999997
1929.009,1.1336623712727272,2.097351181818182
1930.009,1.1356069716363635,2.105775909090909
1931.009,1.136426965,2.1141654545454545
1932.009,1.135679974909091,2.1224848181818183
1933.009,1.1344449315454546,2.1312956363636366
1934.009,1.133514567818182,2.138351272727273
1935.009,1.1327876555454546,2.1438623636363636
1936.009,1.1327887278181819,2.1508829090909094
1937.009,1.1330218270909092,2.1596234545454545
1938.009,1.132987763,2.164853818181818
1939.009,1.1311585267272728,2.171277636363637
1940.009,1.1276552771818182,2.1782981818181817
1941.009,1.1243145307272728,2.185424
1942.009,1.122683479,2.1917424545454547
1943.009,1.12338453,2.1989384545454542
1944.009,1.125346063,2.2046250909090905
1945.009,1.1269629868181819,2.209644818181818
1946.009,1.1277407222727271,2.216454727272727
1947.009,1.1273271961818183,2.2217903636363636
1948.009,1.127053562,2.227126
1949.009,1.1279044724545455,2.234322
1950.009,1.1302966868181819,2.238639636363636
1951.009,1.1325049198181818,2.2441858181818186
1952.009,1.1326816135454545,2.2485385454545455
1953.009,1.1301485595454546,2.2544358181818183
1954.009,1.125329638909091,2.258121636363636
1955.009,1.1185470135454545,2.265493181818182
1956.009,1.1115402426363639,2.2716712727272728
1957.009,1.1054522184545454,2.275953818181818
1958.009,1.1015405426363636,2.2823425454545454
1959.009,1.0997343612727273,2.2858528181818185
1960.009,1.0986146862727273,2.2911884545454546
1961.009,1.0975501833636363,2.2973665454545458
1962.009,1.0972252827272728,2.3015087272727275
1963.009,1.0980637698181819,2.307406
1964.009,1.1007222313636364,2.3110567272727276
1965.009,1.1047923396363635,2.316251909090909
1966.009,1.110018489090909,2.319656909090909
1967.009,1.115086257,2.3227809999999995
1968.009,1.119149864909091,2.3275199090909093
1969.009,1.121119754909091,2.329520727272727
1970.009,1.1209690024545453,2.3352073636363637
1971.009,1.119679392090909,2.339489909090909
1972.009,1.118786034818182,2.343281
1973.009,1.1187847176363637,2.348019818181818
1974.009,1.1198989124545455,2.3524427272727273
1975.009,1.1208094213636364,2.357918727272727
1976.009,1.1209464119090908,2.361709818181818
1977.009,1.120361759909091,2.364237181818182
1978.009,1.1200690673636364,2.370625909090909
1979.009,1.1211825372727273,2.374943545454545
1980.009,1.123316681909091,2.380875909090909
1981.009,1.1254972976363637,2.385053090909091
1982.009,1.1265829348181817,2.3872645454545456
1983.009,1.1264731314545455,2.3922842727272724
1984.009,1.126346967909091,2.3961104545454543
1985.009,1.1267745086363636,2.399304818181818
1986.009,1.1275813708181819,2.4037628181818183
1987.009,1.1285310915454547,2.4066763636363637
1988.009,1.1295293575454546,2.4127842727272726
1989.009,1.130025147727273,2.4159434545454546
1990.009,1.1297293016363634,2.4187165454545454
1991.009,1.1292034712727272,2.4222619090909094
1992.009,1.1293221913636364,2.4256318181818184
1993.009,1.1312085241818182,2.4312833636363638
1994.009,1.1338755827272726,2.4344074545454544
1995.009,1.1356117264545456,2.436759363636364
1996.009,1.1357499249090908,2.441428
1997.009,1.1355757825454544,2.4453244545454544
1998.009,1.1363310865454546,2.4477465454545455
1999.009,1.1379681804545454,2.4508004545454543
2000.009,1.1396184112727272,2.453292818181818
2001.009,1.1404013823636363,2.4587688181818184
2002.009,1.1399446995454545,2.4633672727272726
2003.009,1.138431284272727,2.4668775454545457
2004.009,1.1361072999090909,2.4703527272727275
2005.009,1.1337097873636364,2.472143
2006.009,1.1311827107272727,2.477970090909091
2007.009,1.127849449,2.4811995454545457
2008.009,1.123532383,2.4845693636363637
2009.009,1.1189841085454546,2.490220909090909
2010.009,1.1151867180000001,2.494082181818182
2011.009,1.1123648043636363,2.4972765454545454
2012.009,1.1098978353636364,2.5004007272727273
2013.009,1.1075940274545455,2.502612181818182
2014.009,1.105122266909091,2.5037354545454544
2015.009,1.102935577090909,2.5074212727272727
2016.009,1.1015914453636364,2.511107
2017.009,1.101711994090909,2.5123706363636362
2018.009,1.1033017728181818,2.515178909090909
2019.009,1.105293420909091,2.5163724545454547
2020.009,1.1064877658181818,2.520725181818182
2021.009,1.1065697564545454,2.521637909090909
2022.009,1.106427243090909,2.525113
2023.009,1.1073819435454546,2.528833818181818
2024.009,1.109962068,2.530589
2025.009,1.113786869909091,2.5342396363636364
2026.009,1.117404329090909,2.535784090909091
2027.009,1.119584444090909,2.538943363636364
2028.009,1.1202749884545453,2.540838909090909
2029.009,1.120480868090909,2.543296090909091
2030.009,1.1215630403636363,2.547297818181818
2031.009,1.1229460711818182,2.5471925454545454
2032.009,1.1246384044545454,2.5504921818181816
2033.009,1.1259876040909091,2.552071818181818
2034.009,1.1266523588181818,2.5536514545454545
2035.009,1.126473929818182,2.557267
2036.009,1.125792113818182,2.5613389090909093
2037.009,1.1255307837272728,2.5637259090909095
2038.009,1.1257168684545455,2.564989636363636
2039.009,1.1272261462727273,2.567762818181818
2040.009,1.1285702074545456,2.570149818181818
2041.009,1.1294910716363635,2.5728527272727275
2042.009,1.130004847909091,2.573730272727273
2043.009,1.1297997344545456,2.5755907272727274
2044.009,1.1287067862727274,2.5778373636363634
2045.009,1.1268698992727273,2.5799084545454547
2046.009,1.1239168027272728,2.5816285454545453
2047.009,1.1201261727272729,2.5815934545454544
2048.009,1.1160377151818182,2.584928181818182
2049.009,1.1126886185454545,2.5872098181818184
2050.009,1.1094859403636363,2.5901232727272725
2051.009,1.1070965517272726,2.591667727272727
2052.009,1.1052706473636364,2.5925452727272726
2053.009,1.1035509494545455,2.5960204545454544
2054.009,1.1012976453636363,2.5977755454545455
2055.009,1.0995490484545454,2.600689
2056.009,1.0984599251818181,2.602022909090909
2057.009,1.099299381090909,2.604690727272727
2058.009,1.1018531155454545,2.607674454545455
2059.009,1.1046568984545455,2.606094909090909
2060.009,1.1066193633636363,2.608517
2061.009,1.1076664357272727,2.611219909090909
2062.009,1.1094052641818182,2.6120623636363636
2063.009,1.112739420090909,2.614975909090909
2064.009,1.1189313118181816,2.6180298181818182
2065.009,1.1294172546363637,2.619153090909091
2066.009,1.1607528832727272,2.621750727272727
2067.009,1.2353454953636362,2.631719909090909
2068.009,1.317139653,2.642917636363636
2069.009,1.4012744087272728,2.652535818181818
2070.009,1.4865135379090908,2.661100818181818
2071.009,1.5720833793636364,2.6680511818181816
2072.009,1.657778201181818,2.6773183636363633
2073.009,1.7422530636363633,2.6886565454545455
2074.009,1.8245328206363636,2.6995383636363637
2075.009,1.9044296129090907,2.713123090909091
2076.009,1.9811550749090912,2.728673636363636
2077.009,2.0379386233636363,2.744013545454546
2078.009,2.0522112146363636,2.7537019090909087
2079.009,2.0589013256363637,2.7621265454545454
2080.009,2.0627064684545457,2.7746933636363638
2081.009,2.064595143090909,2.7917181818181818
2082.009,2.0669368431818183,2.7982121818181818
2083.009,2.069275374,2.8028106363636365
2084.009,2.071970245,2.8086728181818184
2085.009,2.075122592818182,2.8132010909090908
2086.009,2.0779526729090914,2.816781636363636
2087.009,2.0800980294545455,2.8218364545454544
2088.009,2.0808085359999997,2.826083909090909
2089.009,2.080301102636364,2.8299451818181818
2090.009,2.078612319090909,2.8364040909090913
2091.009,2.0762894240909087,2.842266181818182
2092.009,2.0745030377272724,2.8479528181818186
2093.009,2.072232444363636,2.864380909090909
2094.009,2.070889020727273,2.879088909090909
2095.009,2.0695660242727274,2.891761
2096.009,2.0686347426363634,2.9029938181818182
2097.009,2.0674438698181814,2.9110674545454547
2098.009,2.0667894685454544,2.916719
2099.009,2.0665193013636363,2.9187198181818186
2100.009,2.066755292,2.921633363636363
2101.009,2.0679959392727274,2.9228620000000003
2102.009,2.069775415727273,2.925319181818182
2103.009,2.071639693090909,2.9274253636363636
2104.009,2.0734354144545457,2.9300580909090908
2105.009,2.074205663818182,2.935499
2106.009,2.075134774363636,2.9414664545454543
2107.009,2.0755805921818182,2.949189090909091
2108.009,2.076540311181818,2.9556479999999996
2109.009,2.0770991796363636,2.959860272727273
2110.009,2.077389339818182,2.965301181818182
2111.009,2.0769285751818183,2.9658628181818183
2112.009,2.075706397272727,2.964283181818182
2113.009,2.0736470550909094,2.961931363636363
2114.009,2.071514225272727,2.9601411818181815
2115.009,2.0695946789999997,2.9578594545454546
2116.009,2.068058861818182,2.9551214545454543
2117.009,2.066605936,2.9544896363636366
2118.009,2.0648202645454545,2.9550863636363633
2119.009,2.062924858,2.958175363636364
2120.009,2.060740214272727,2.9614048181818187
2121.009,2.0589744677272726,2.9636162727272723
2122.009,2.0574590327272726,2.967828545454545
2123.009,2.056408590909091,2.970320818181818
2124.009,2.055744513090909,2.971654727272727
2125.009,2.0553637287272726,2.9732342727272725
2126.009,2.054893778818182,2.976920090909091
2127.009,2.054777197090909,2.980605909090909
2128.009,2.0545153732727273,2.9836247272727268
2129.009,2.054348330363636,2.9873807272727273
2130.009,2.053895219363636,2.992681272727273
2131.009,2.053485083363636,3.0017378181818186
2132.009,2.0532315444545457,3.0148662727272733
2133.009,2.053594212545455,3.0259588181818184
2134.009,2.0545187082727274,3.036910909090909
2135.009,2.0557373433636363,3.043755909090909
2136.009,2.056848289818182,3.0511275454545452
2137.009,2.0580062906363636,3.0575161818181815
2138.009,2.0591512424545453,3.064817545454545
2139.009,2.060911998,3.072189090909091
2140.009,2.0634263379090907,3.0778757272727275
2141.009,2.0668559042727277,3.0821581818181816
2142.009,2.0713822856363637,3.0840537272727273
2143.009,2.076577812545455,3.083246363636363
2144.009,2.0836753984545453,3.0827549090909088
2145.009,2.0944720212727272,3.082333636363636
2146.009,2.1760878096363636,3.088195818181818
2147.009,2.3208811805454546,3.0964449090909087
2148.009,2.4862460046363632,3.101710363636364
2149.009,2.6620336779090907,3.1165588181818182
2150.009,2.8405801570909093,3.1199287272727276
2151.009,3.0201658194545455,3.1306701818181817
2152.009,3.1996500827272727,3.1436230909090908
2153.009,3.3787758098181815,3.160016
2154.009,3.5563526377272727,3.173249727272727
2155.009,3.7316928829999996,3.1984885454545453
2156.009,3.902456614181818,3.21403909090909
2157.009,4.001989256636364,3.229659818181818
2158.009,4.038279190636363,3.2538105454545456
2159.009,4.053469020272727,3.2660964545454547
2160.009,4.058098622727273,3.2739594545454547
2161.009,4.059551898,3.2907385454545452
2162.009,4.059535856818182,3.304112636363637
2163.009,4.059149050636363,3.308044181818182
2164.009,4.05824478309091,3.311484272727273
2165.009,4.058137090363636,3.3310013636363633
2166.009,4.058223578727273,3.3275964545454544
2167.009,4.058970191818182,3.3386538181818186
2168.009,4.059406210454545,3.3603121818181823
2169.009,4.059589234545455,3.355222272727273
2170.009,4.0600427154545455,3.3698250909090905
2171.009,4.060273074545455,3.3792677272727274
2172.009,4.060422399909091,3.388148727272727
2173.009,4.059932215,3.3886050909090915
2174.009,4.0596458105454545,3.4060160000000006
2175.009,4.059516075272727,3.41079
2176.009,4.059664167909091,3.406051181818182
2177.009,4.059788125818181,3.427639363636364
2178.009,4.059447927727273,3.431605909090909
2179.009,4.05947338309091,3.4280605454545454
2180.009,4.059534999636363,3.446173545454546
2181.009,4.060206043636364,3.449683818181818
2182.009,4.0604901378181815,3.452527181818182
2183.009,4.060767246909091,3.4557566363636365
2184.009,4.061138115818182,3.4694116363636365
2185.009,4.061482730090909,3.4643218181818183
2186.009,4.0618406345454545,3.4708158181818187
2187.009,4.061645471,3.4872790000000005
2188.009,4.061288025181819,3.476116272727273
2189.009,4.060958190454546,3.483347454545455
2190.009,4.061057771818182,3.482083727272727
2191.009,4.061177301727273,3.4782224545454543
2192.009,4.061110857272727,3.490683909090909
2193.009,4.061161390545454,3.492403909090909
2194.009,4.061205853545455,3.497248090909091
2195.009,4.061886307636364,3.494404727272727
2196.009,4.062010006454545,3.508445818181818
2197.009,4.062156305818181,3.5105870909090906
2198.009,4.062000384,3.5019167272727274
2199.009,4.062053116363637,3.5215742727272725
2200.009,4.06200432509091,3.522451818181818
2201.009,4.061401055181818,3.529051090909091
2202.009,4.060662981454545,3.5421794545454546
2203.009,4.059526216363636,3.5336494545454546
2204.009,4.059156004909091,3.5393360909090905
2205.009,4.058685480909091,3.5442855454545454
2206.009,4.058465559363636,3.552043272727273
2207.009,4.0581748974545455,3.5479713636363637
2208.009,4.058253222181818,3.5615560909090913
2209.009,4.059050999727273,3.563451636363636
2210.009,4.059655003363637,3.55264
2211.009,4.060077897363636,3.5700159090909094
2212.009,4.060158226636363,3.570472272727273
2213.009,4.060587158909091,3.560854181818182
2214.009,4.061137409272727,3.5748601818181815
2215.009,4.061139272999999,3.5749303636363634
2216.009,4.0609669878181816,3.576404727272727
2217.009,4.0600792629999995,3.573666727272727
2218.009,4.059872403818182,3.582653
2219.009,4.059308658636364,3.5756675454545457
2220.009,4.059069134909091,3.578861818181818
2221.009,4.058490038363636,3.5928678181818183
2222.009,4.058560016454546,3.580265909090909
2223.009,4.0592765788181815,3.5833549090909087
2224.009,4.059782552545454,3.597080090909091
2225.009,4.06018735290909,3.5863386363636365
2226.009,4.060213511181818,3.596694
2227.009,4.0604528282727275,3.5957461818181815
2228.009,4.060709197727273,3.599818090909091
2229.009,4.060752989272728,3.594622909090909
2230.009,4.060556879818182,3.6056451818181814
2231.009,4.059766719181818,3.6081726363636366
2232.009,4.059511103727273,3.597922636363636
2233.009,4.059028824545455,3.6146666363636366
2234.009,4.058754475181818,3.6138241818181815
2235.009,4.058111092727273,3.602942272727273
2236.009,4.058080053727273,3.6176854545454544
2237.009,4.058749483181819,3.6071897272727274
2238.009,4.0596400388181815,3.610243636363636
2239.009,4.060575505181818,3.6135432727272727
2240.009,4.061129046727273,3.6159653636363633
2241.009,4.061892948727273,3.6105595454545454
2242.009,4.062395601818182,3.6107349999999996
2243.009,4.063032421,3.622599727272728
2244.009,4.063035268727273,3.609646818181818
2245.009,4.062418605545455,3.626601454545454
2246.009,4.062133050181818,3.6247409999999998
2247.009,4.061430085909091,3.6142101818181818
2248.009,4.06086548,3.628216181818182
2249.009,4.059622212181818,3.623477363636364
2250.009,4.058867018181818,3.6222136363636364
2251.009,4.05863702990909,3.6241091818181816
2252.009,4.058670528090909,3.6277599090909094
2253.009,4.059098164,3.6308490000000004
2254.009,4.059135097363637,3.620493636363636
2255.009,4.059634255181819,3.6320775454545453
2256.009,4.060437560454545,3.617931181818182
2257.009,4.0614639554545455,3.621687181818182
2258.009,4.0619111165454544,3.635307
2259.009,4.061928744,3.6216169090909087
2260.009,4.062066791090909,3.6257589999999995
2261.009,4.061884535727272,3.6321126363636367
2262.009,4.061578350090909,3.6317264545454537
2263.009,4.060665426818182,3.632744363636363
2264.009,4.060019248181818,3.635657909090909
2265.009,4.059694563727273,3.639133090909091
2266.009,4.059876596545455,3.6290586363636366
2267.009,4.060039982181818,3.6415551818181813
2268.009,4.0599322336363635,3.6389576363636364
2269.009,4.060237599727273,3.6254781818181816
2270.009,4.060429218090909,3.6410989090909096
2271.009,4.061293691363637,3.6370620909090907
2272.009,4.061487265727273,3.6288831818181815
2273.009,4.061864936272728,3.634991090909091
2274.009,4.062070861545455,3.629866090909091
2275.009,4.062285012272727,3.6283215454545457
2276.009,4.062222875636364,3.627619545454545
2277.009,4.061469635454546,3.637588727272727
2278.009,4.060799681545455,3.6253028181818183
2279.009,4.060275038636363,3.6274089090909087
2280.009,4.0603867446363635,3.624706
2281.009,4.060608909181818,3.6104542727272726
2282.009,4.060780353636364,3.625092090909091
2283.009,4.061224151545455,3.6206690909090913
2284.009,4.061692773454546,3.6145611818181815
2285.009,4.062888990818181,3.619967
2286.009,4.063300073909091,3.6229858181818178
2287.009,4.0636747675454545,3.6205637272727276
2288.009,4.063758746909091,3.610138181818182
2289.009,4.0638135612727275,3.6219326363636366
2290.009,4.063644294727273,3.619124454545455
2291.009,4.062871642181818,3.620949818181818
2292.009,4.062027384272727,3.6337974545454546
2293.009,4.061034152727273,3.6193000909090913
2294.009,4.0608259561818185,3.6233719999999994
2295.009,4.060555038545455,3.625443090909091
2296.009,4.060348944727273,3.6240740909090907
2297.009,4.060224593727273,3.619475636363637
2298.009,4.060406539,3.6280758181818182
2299.009,4.061136801454546,3.6261451818181816
2300.009,4.0617519312727275,3.613964545454545
2301.009,4.062282815545455,3.6292342727272726
2302.009,4.062564192909091,3.626777090909091
2303.009,4.062941127636364,3.6141751818181818
2304.009,4.063125772727273,3.6240390000000002
2305.009,4.062835992272727,3.6228104545454545
2306.009,4.062299668818182,3.6188789090909097
2307.009,4.061513533636364,3.6152282727272724
2308.009,4.061447392363636,3.620599
2309.009,4.061481980090909,3.610910636363636
2310.009,4.061796478636364,3.610243636363637
2311.009,4.061796819727273,3.623407181818182
2312.009,4.062407312636363,3.605820636363636
2313.009,4.064131138454545,3.607646
2314.009,4.0676959651818185,3.616421636363637
2315.009,4.0743449416363635,3.606101454545454
2316.009,4.099261200727273,3.607224727272728
2317.009,4.220222952090909,3.6070492727272723
2318.009,4.373454691,3.6052940909090907
2319.009,4.541833924727272,3.604381454545454
2320.009,4.71974818609091,3.6110860909090907
2321.009,4.900636226363637,3.6210552727272725
2322.009,5.083088140181818,3.617404545454545
2323.009,5.265752658818181,3.629901181818182
2324.009,5.447707706454546,3.639238454545455
2325.009,5.627907162181819,3.642573272727273
2326.009,5.805426726363636,3.658194
2327.009,5.9643437974545455,3.6743412727272724
2328.009,6.027863644636364,3.6909448181818187
2329.009,6.058539914818183,3.709795
2330.009,6.074141268454546,3.7191673636363634
2331.009,6.079316172272727,3.7268548181818186
2332.009,6.081451513636363,3.7312075454545455
2333.009,6.082094512,3.733138181818182
2334.009,6.082371394727272,3.7353496363636367
2335.009,6.0825388412727275,3.739913
2336.009,6.082824541454545,3.7476706363636363
2337.009,6.0831029233636364,3.7557442727272727
2338.009,6.083716730454546,3.7584822727272726
2339.009,6.084107908454545,3.7600268181818177
2340.009,6.084830421545456,3.761009727272727
2341.009,6.085177207,3.7614660909090913
2342.009,6.085754138454546,3.758622727272727
2343.009,6.0861797872727275,3.7584823636363636
2344.009,6.086523280363637,3.7600619999999996
2345.009,6.086789277545455,3.76452
2346.009,6.087045032909091,3.767995181818182
2347.009,6.087146240545454,3.7656784545454545
2348.009,6.087071511363636,3.7598162727272726
2349.009,6.086886125545454,3.753813727272728
2350.009,6.086427190909092,3.7476356363636367
2351.009,6.0859179317272725,3.7423
2352.009,6.085304778272728,3.7386141818181815
2353.009,6.084832768090909,3.7406852727272732
2354.009,6.084321799727274,3.741633
2355.009,6.084234718181818,3.7439849090909094
2356.009,6.084227179454545,3.7443009090909087
2357.009,6.084526884,3.745634818181818
2358.009,6.085017094545455,3.7455294545454545
2359.009,6.085380754181818,3.7472846363636365
2360.009,6.085843023272727,3.7474600909090907
2361.009,6.085960665272728,3.748407818181818
2362.009,6.085940550181818,3.7494609090909092
2363.009,6.085639329454545,3.751567090909091
2364.009,6.085412458272727,3.753357363636364
2365.009,6.085209214818182,3.755990090909091
2366.009,6.085103695,3.757253818181818
2367.009,6.085256443090909,3.7602726363636365
2368.009,6.085043070909091,3.7612204545454544
2369.009,6.085033656454545,3.7666263636363637
2370.009,6.084598982454546,3.7668369090909093
2371.009,6.084550725545455,3.769504727272728
2372.009,6.084761447454546,3.7711194545454547
2373.009,6.085514891363636,3.772032090909091
2374.009,6.086441172090909,3.773646818181818
2375.009,6.0874549343636355,3.775226454545454
2376.009,6.088011810727273,3.776876272727273
2377.009,6.088342075272727,3.7772623636363636
2378.009,6.088089309090909,3.774419
2379.009,6.088047109545454,3.7709789090909096
2380.009,6.087634020090909,3.7635370909090913
2381.009,6.087694598090909,3.767082454545454
2382.009,6.0873514217272735,3.7702417272727273
2383.009,6.087357679454545,3.774383909090909
2384.009,6.0872497529090905,3.7830542727272727
2385.009,6.0875154969090906,3.7919001818181823
2386.009,6.087562858999999,3.8010970909090904
2387.009,6.0876760520909095,3.806889090909091
2388.009,6.087573135636364,3.807450727272727
2389.009,6.087516390454545,3.8097675454545454
2390.009,6.087439712636364,3.810890818181818
2391.009,6.087664222454546,3.8117683636363635
2392.009,6.087560104454545,3.805871181818182
2393.009,6.087937852909092,3.799342090909091
2394.009,6.087731305,3.795796727272727
2395.009,6.087451625454546,3.788846454545455
2396.009,6.087148835272727,3.786038181818182
2397.009,6.086716789818182,3.7834054545454547
2398.009,6.086949528090909,3.783932
2399.009,6.087171528818183,3.793269363636363
2400.009,6.087913563181818,3.8018695454545455
2401.009,6.088555423272728,3.8116982727272726
2402.009,6.0892051217272725,3.819596363636364
2403.009,6.0897183539999995,3.826336090909091
2404.009,6.090119211999999,3.8331109090909092
2405.009,6.090112196363637,3.8335671818181822
2406.009,6.090583560363637,3.829986636363636
2407.009,6.090231937636363,3.8223342727272724
2408.009,6.090777990454546,3.813769181818182
2409.009,6.090494721,3.8046424545454545
2410.009,6.091022004181818,3.7925670909090914
2411.009,6.090877295636363,3.7794386363636363
2412.009,6.09140506909091,3.7655029090909093
2413.009,6.092464680181819,3.7539190909090907
2414.009,6.096242287818182,3.7451082727272724
2415.009,6.104320300909091,3.736332545454545
2416.009,6.186648242727273,3.742019181818182
2417.009,6.309844231909091,3.749741818181818
2418.009,6.460981921090909,3.7503736363636366
2419.009,6.6221593224545465,3.7636775454545455
2420.009,6.790305602909092,3.7747699999999997
2421.009,6.9608661049090905,3.781650181818182
2422.009,7.132922515090908,3.790566272727273
2423.009,7.304991373454545,3.8013428181818183
2424.009,7.476323782272726,3.8094866363636366
2425.009,7.645263662545454,3.816647545454545
2426.009,7.809793974000001,3.829565363636364
2427.009,7.900282198636364,3.823176727272727
2428.009,7.949910121545454,3.827389090909091
2429.009,7.971701259545455,3.8311801818181817
2430.009,7.983648936,3.8306537272727272
2431.009,7.988386536454545,3.8270380909090913
2432.009,7.990886366181818,3.831215272727272
2433.009,7.991363704727274,3.836901909090909
2434.009,7.9919660630000005,3.8317769090909093
2435.009,7.991716094181819,3.840201545454546
2436.009,7.992144029545455,3.841114272727273
2437.009,7.991809741363636,3.842272636363636
2438.009,7.9922595720909095,3.8461339090909092
2439.009,7.992106625545455,3.840657818181818
2440.009,7.992421764090909,3.851364181818182
2441.009,7.992260454181818,3.8415353636363636
2442.009,7.992345199636364,3.839218636363636
2443.009,7.992277440545454,3.843957545454546
2444.009,7.992534681181818,3.8350414545454545
2445.009,7.992589662636363,3.844449
2446.009,7.992797830727272,3.8369369999999994
2447.009,7.993015193272728,3.8426587272727275
2448.009,7.993201164727273,3.8383762727272726
2449.009,7.993690754,3.833953363636364
2450.009,7.993561476272728,3.8426237272727275
2451.009,7.993888141636362,3.8327247272727276
2452.009,7.993661657727272,3.8428343636363635
2453.009,7.9937981871818184,3.8451510909090914
2454.009,7.9934430278181825,3.837112545454545
2455.009,7.993148761181818,3.8488017272727273
2456.009,7.992757561363636,3.838341090909091
2457.009,7.992589696181819,3.8436767272727277
2458.009,7.992175032454545,3.838586818181818
2459.009,7.99224886009091,3.842483181818182
2460.009,7.991980580818182,3.8528384545454544
2461.009,7.9924422983636365,3.843009727272727
2462.009,7.992571860181818,3.8464849090909086
2463.009,7.993000664818182,3.847151818181818
2464.009,7.993394584181818,3.8422725454545454
2465.009,7.993959962636364,3.8487665454545454
2466.009,7.994405723545455,3.8405174545454552
2467.009,7.995022528090908,3.849889818181818
2468.009,7.995241902636363,3.8435010909090908
2469.009,7.995753402636364,3.838200636363636
2470.009,7.995810399727273,3.8394292727272727
2471.009,7.99589850890909,3.831987454545455
2472.009,7.995886504636363,3.8375337272727275
2473.009,7.995767308727273,3.8360594545454547
2474.009,7.995856623909091,3.8270731818181813
2475.009,7.995531756636364,3.8387975454545455
2476.009,7.995619285636363,3.8298463636363635
2477.009,7.995497427818182,3.8333566363636367
2478.009,7.995546385545455,3.833672636363637
2479.009,7.995874777,3.8330408181818183
2480.009,7.995861678090909,3.840271909090909
2481.009,7.996123795090909,3.8333215454545453
2482.009,7.9960501334545455,3.8288986363636357
2483.009,7.995944054,3.828547545454546
2484.009,7.995813267727272,3.822896
2485.009,7.9954187025454555,3.8271082727272727
2486.009,7.995355852727272,3.8165774545454543
2487.009,7.995058550545455,3.8131373636363644
2488.009,7.995168420545454,3.8131724545454544
2489.009,7.994855601,3.8007460909090907
2490.009,7.994812510181819,3.803519181818182
2491.009,7.994476775181818,3.796042363636364
2492.009,7.994484013272726,3.7907067272727275
2493.009,7.9942448216363635,3.799271818181819
2494.009,7.994419047727273,3.7891973636363634
2495.009,7.9946927677272726,3.7932341818181814
2496.009,7.995279852363637,3.790952545454546
2497.009,7.9961916902727275,3.7881442727272727
2498.009,7.996683708272728,3.791373727272727
2499.009,7.997536571181818,3.7821768181818185
2500.009,7.9977615392727275,3.778245272727273
2501.009,7.99807060790909,3.777894272727273
2502.009,7.9972662154545455,3.776911363636364
2503.009,7.994366658272727,3.7784208181818184
2504.009,7.988428131363636,3.769890818181818
2505.009,7.302750208727272,3.7728043636363635
2506.009,6.584435583,3.749039818181819
2507.009,5.862077202272727,3.721133181818182
2508.009,5.137470182636363,3.696526181818182
2509.009,4.411927882909091,3.665039
2510.009,3.685968468727273,3.633271
2511.009,2.960184638181818,3.605083545454545
2512.009,2.2344364235454544,3.561872090909091
2513.009,1.509727968090909,3.522697454545455
2514.009,0.787041748,3.479766818181818
2515.009,0.06761394718181818,3.436099
2516.009,0.02767789390909091,3.387271090909091
2517.009,0.020358854000000003,3.358030545454545
2518.009,0.01681771481818182,3.3308259090909087
2519.009,0.015365992545454545,3.304534
2520.009,0.014828902363636364,3.279786636363636
2521.009,0.014586760545454547,3.2563029090909095
2522.009,0.01441155781818182,3.233556272727273
2523.009,0.014245226454545455,3.212073363636364
2524.009,0.014082176818181818,3.191503181818182
2525.009,0.013922767363636363,3.171529727272727
2526.009,0.013761394181818182,3.152398818181818
2527.009,0.01360691,3.134215636363636
2528.009,0.013450397636363636,3.1165939999999996
2529.009,0.013299270545454545,3.099534090909091
2530.009,0.013149272363636362,3.082930454545455
2531.009,0.013004662363636364,3.0668182727272733
2532.009,0.01286097727272727,3.0510220909090906
2533.009,0.012721867,3.035998181818182
2534.009,0.012584136272727274,3.021044454545455
2535.009,0.012450804454545454,3.006476818181818
2536.009,0.012319080363636364,2.992014454545455
2537.009,0.012193081909090908,2.9780786363636365
2538.009,0.012069761363636362,2.9640726363636363
2539.009,0.011949830636363635,2.9504879090909095
2540.009,0.01183452209090909,2.9372541818181817
2541.009,0.011719879727272725,2.9243364545454544
2542.009,0.011609552909090909,2.9117345454545456
2543.009,0.011500098545454545,2.899308181818182
2544.009,0.011391924181818181,2.886881818181818
2545.009,0.011287033272727273,2.875052181818182
2546.009,0.011182229,2.8631172727272727
2547.009,0.01108233390909091,2.8519195454545456
2548.009,0.010981917545454545,2.840440909090909
2549.009,0.010885765727272727,2.8294888181818183
2550.009,0.01078862890909091,2.818642090909091
2551.009,0.010694728272727274,2.8077601818181814
2552.009,0.010602728272727274,2.7970187272727274
2553.009,0.010513578363636363,2.7862070909090906
2554.009,0.010428435636363637,2.775992181818182
2555.009,0.010345130454545454,2.7658474545454546
2556.009,0.010263809727272727,2.7556676363636363
2557.009,0.01018476909090909,2.745909
2558.009,0.010105504454545455,2.736185545454546
2559.009,0.01002953,2.726672727272727
2560.009,0.00995291,2.7175109090909086
2561.009,0.009879593636363636,2.7081384545454545
2562.009,0.009806843636363636,2.698836272727273
2563.009,0.00973368709090909,2.68985
2564.009,0.009663463,2.680547818181818
2565.009,0.009588885363636362,2.6715966363636365
2566.009,0.009520318636363635,2.662926272727273
2567.009,0.009449340909090909,2.6542208181818183
2568.009,0.009380982000000001,2.6456207272727275
2569.009,0.00931597109090909,2.6367397272727273
2570.009,0.009249549363636365,2.6282449090909092
2571.009,0.009188827818181818,2.619469272727273
2572.009,0.009127572363636365,2.6110446363636366
2573.009,0.009068047000000001,2.6027603636363636
2574.009,0.009012783272727273,2.5945813636363635
2575.009,0.008953161545454546,2.586964090909091
2576.009,0.008900097363636363,2.5789255454545454
2577.009,0.008841620272727273,2.5709572727272727
2578.009,0.00878758990909091,2.5631293636363637
2579.009,0.008732774818181818,2.555301454545454
2580.009,0.008677669363636363,2.5478596363636363
2581.009,0.008626978,2.540137
2582.009,0.008571482454545455,2.532625
2583.009,0.008521740363636364,2.5249374545454546
2584.009,0.008469218909090909,2.517530818181818
2585.009,0.008418882545454545,2.509948636363636
2586.009,0.008370375727272727,2.5022961818181817
2587.009,0.008321461636363638,2.494714
2588.009,0.008273256454545455,2.4873423636363636
2589.009,0.008227675545454545,2.480005909090909
2590.009,0.008179601181818182,2.4726342727272725
2591.009,0.008135205363636364,2.4655084545454544
2592.009,0.008088897272727272,2.4583475454545454
2593.009,0.008046903181818181,2.4511163636363635
2594.009,0.008004426272727273,2.4443767272727275
2595.009,0.007964002272727273,2.4372860000000003
2596.009,0.007922286818181818,2.4302654545454545
2597.009,0.007882999818181817,2.4236661818181817
2598.009,0.007843157272727273,2.416750909090909
2599.009,0.007806393090909091,2.4100462727272727
2600.009,0.007767954272727273,2.4033065454545457
2601.009,0.007731927454545454,2.396637090909091
2602.009,0.007696694181818182,2.3899675454545455
2603.009,0.007660983909090909,2.3834735454545455
2604.009,0.007628129545454545,2.3770848181818183
2605.009,0.007590574545454545,2.3705907272727273
2606.009,0.0075556365454545445,2.3643775454545453
2607.009,0.007518612272727273,2.3581292727272722
2608.009,0.0074830876363636365,2.3515299090909094
2609.009,0.007446748727272728,2.3455975454545457
2610.009,0.007414851454545454,2.3391035454545457
2611.009,0.007378211000000001,2.3328201818181817
2612.009,0.007347355090909091,2.326291
2613.009,0.007312633999999999,2.319691727272727
2614.009,0.007281521727272727,2.3134433636363636
2615.009,0.007247215090909091,2.3071249090909087
2616.009,0.007218422636363636,2.300982
2617.009,0.007187171454545455,2.2947336363636364
2618.009,0.007158222,2.2888012727272726
2619.009,0.007128061,2.2827285454545456
2620.009,0.007099257909090909,2.2766207272727272
2621.009,0.0070689792727272735,2.270477818181818
2622.009,0.007044109000000001,2.264369909090909
2623.009,0.007018150272727273,2.258613090909091
2624.009,0.006991256818181819,2.252680727272727
2625.009,0.006964868363636364,2.2467835454545457
2626.009,0.006935075181818182,2.2409213636363634
2627.009,0.006905916181818183,2.2348134545454545
2628.009,0.006877720454545455,2.2290215454545454
2629.009,0.0068526917272727274,2.2225275454545455
2630.009,0.006827136909090909,2.216560090909091
2631.009,0.006803904090909091,2.210417090909091
2632.009,0.0067787259090909095,2.204519818181818
2633.009,0.006753148909090909,2.198587454545455
2634.009,0.0067267557272727265,2.192549818181818
2635.009,0.0067030224545454545,2.1866525454545456
2636.009,0.006678351090909091,2.180685090909091
2637.009,0.006656176727272728,2.174647454545455
2638.009,0.0066344305454545454,2.168750181818182
2639.009,0.006609370272727272,2.1626773636363636
2640.009,0.006584616090909091,2.157201363636364
2641.009,0.006558298181818182,2.1514445454545457
2642.009,0.006531775272727272,2.145757909090909
2643.009,0.006508235818181818,2.140001090909091
2644.009,0.006484261454545454,2.134174090909091
2645.009,0.006463661818181818,2.1285576363636363
2646.009,0.0064434897272727274,2.122906090909091
2647.009,0.006424735,2.1170439090909094
2648.009,0.006408632454545454,2.1116029999999997
2649.009,0.006389718545454545,2.1060919090909094
2650.009,0.006373488818181818,2.100370181818182
2651.009,0.006354131545454545,2.0947186363636363
2652.009,0.006334927727272727,2.0892074545454546
2653.009,0.006315397545454546,2.0836260909090907
2654.009,0.006294824090909091,2.0782553636363637
2655.009,0.006276314545454545,2.0725335454545455
2656.009,0.006256491,2.0670926363636366
2657.009,0.006237238090909091,2.061441090909091
2658.009,0.006218510181818182,2.0558597272727273
2659.009,0.006195156818181819,2.0503134545454547
2660.009,0.00617617309090909,2.044310909090909
2661.009,0.0061545690909090905,2.038589181818182
2662.009,0.006136233363636363,2.032691909090909
2663.009,0.006120502,2.0270052727272727
2664.009,0.006105160727272727,2.0213186363636364
2665.009,0.006098509100000001,2.0182786999999998
2666.009,0.00609083588888889,2.015635888888889
2667.009,0.0060809125000000006,2.0125253749999996
2668.009,0.006070130571428572,2.009739714285714
2669.009,0.0060557840000000016,2.0069264999999996
